OBJECTID,OBJECTID_12_13,DEPCODE,COUNTY,COUNTYNAME,County_1,State,PUIsTotal,Age_0_4,Age_5_14,Age_15_24,Age_25_34,Age_35_44,Age_45_54,Age_55_64,Age_65_74,Age_75_84,Age_85plus,Age_Unkn,PUIAgeRange,PUIAgeMedian,PUIFemale,PUIMale,PUISexUnkn,PUIFLRes,PUINotFLRes,PUIFLResOut,PUIContNo,PUIContUnkn,PUIAgeAvrg,PUITravelNo,PUITravelYes,TPositive,TNegative,TInconc,TPending,T_Total_Res,T_LabPrivate_Res,T_LabDOH_Res,T_LabPrivate_NonRes,T_LabDOH_NonRes,C_Female,C_Male,C_SexUnkn,C_AllResTypes,C_Age_0_4,C_Age_5_14,C_Age_15_24,C_Age_25_34,C_Age_35_44,C_Age_45_54,C_Age_55_64,C_Age_65_74,C_Age_75_84,C_Age_85plus,C_Age_Unkn,C_AgeRange,C_AgeMedian,C_RaceWhite,C_RaceBlack,C_RaceOther,C_RaceUnknown,C_HispanicYES,C_HispanicNO,C_HispanicUnk,C_EDYes_Res,C_EDYes_NonRes,C_HospYes_Res,C_HospYes_NonRes,C_NonResDeaths,C_FLResDeaths,CasesAll,C_Men,C_Women,C_FLRes,C_NotFLRes,C_FLResOut,T_NegRes,T_NegNotFLRes,T_total,T_negative,T_positive,Deaths,EverMon,MonNow,GlobalID,NewPos,NewNeg,NewTested,NewPercPos,MedianAge,SHAPE_Length,SHAPE_Area
1,1,21,41,GILCHRIST,Gilchrist,FL,1552,41,92,226,222,208,216,206,145,114,82,0,0 to 118,44,829,718,5,1552,0,0,103,810,2,776,20,700,849,1,2,1549,630,70,0,0,326,373,1,700,12,36,113,127,98,99,86,40,43,46,0,0 to 106,40,535,46,34,85,87,523,90,85,0,44,0,0,19,700,373,326,700,0,0,4818,0,5529,4818,700,19,877,860,{CB6285A2-DA2E-4583-AAD5-1221776836AE},19,70,89,0.213483146,41,1.429266672,0.085830646
2,2,54,107,PUTNAM,Putnam,FL,6353,177,577,830,867,809,886,948,665,386,200,8,0 to 118,43,3680,2631,42,6338,15,0,964,3120,133,3153,63,2574,3753,0,26,6312,1475,1092,3,4,1360,1199,8,2567,59,259,416,362,371,350,339,246,114,57,1,0 to 100,40,1593,673,252,49,490,2003,74,420,2,273,2,0,55,2574,1204,1362,2567,7,0,18399,8,20993,18407,2574,55,1704,1641,{CE511C5D-2638-44A3-B2F8-B13847543637},25,258,283,0.088339223,40,2.246427874,0.199542021
3,3,62,123,TAYLOR,Taylor,FL,2842,65,172,302,533,515,424,392,268,124,43,4,0 to 118,41,1166,1655,21,2832,10,0,84,1616,3,1525,30,1586,1250,0,6,2826,1502,80,4,0,466,1115,1,1582,9,43,161,355,360,272,203,112,52,19,0,0 to 95,40,860,577,81,64,131,1355,96,133,0,62,0,0,20,1586,1116,469,1582,4,0,6085,6,7702,6091,1586,20,1686,1588,{541BD5A3-4453-499A-9896-F0EDC5353D0B},5,60,65,0.076923077,40,2.584293786,0.251180544
4,4,46,91,OKALOOSA,Okaloosa,FL,16401,344,1200,2250,2545,2340,2085,2268,1512,1058,749,50,0 to 119,42,9293,7003,105,16192,208,1,842,8122,137,5080,366,7864,8447,1,89,16103,7445,340,71,8,4178,3554,53,7785,88,356,1254,1469,1208,1062,1117,671,386,243,10,0 to 103,40,3928,625,1489,1743,753,5294,1738,590,5,391,6,1,139,7864,3592,4219,7784,79,1,43033,129,51096,43162,7864,139,11456,11031,{EB5D2450-A892-40FD-9BA4-9821A7438525},105,468,573,0.183246073,40,3.2142959,0.223073368
5,5,7,13,CALHOUN,Calhoun,FL,1588,33,124,194,221,236,221,210,180,115,54,0,0 to 99,44,794,780,14,1586,2,0,72,557,4,687,19,813,771,0,4,1582,727,84,2,0,349,461,1,811,9,36,93,141,124,124,107,90,57,32,0,0 to 99,45,555,113,57,86,30,666,115,78,1,40,1,0,21,813,462,350,811,2,0,4797,0,5620,4797,813,21,1211,1151,{3B55AA95-5170-4CAF-82A3-E99AD7459349},5,50,55,0.090909091,44,1.881030493,0.139649279
6,6,50,99,PALM BEACH,Palm Beach,FL,126561,2222,4681,14902,18252,16953,18361,19122,15011,9962,5495,1600,0 to 119,48,68022,58125,414,125307,1252,2,13642,85981,465,45335,1535,59656,66394,150,361,124802,58178,884,584,10,30451,28414,197,59062,912,2488,10072,10969,9308,9025,7586,4334,2822,2091,49,0 to 106,40,25643,8776,10231,14412,15891,27518,15653,6086,75,4340,54,24,1641,59656,28731,30711,59060,594,2,411875,659,472813,412534,59656,1641,21927,21664,{CC4A8DA3-38F1-429A-A0CB-00FFDAA43DA7},497,5103,5600,0.08875,40,4.371977007,0.517626395
7,7,56,111,ST. LUCIE,St. Lucie,FL,22238,526,1046,2470,3032,3052,3385,3391,2717,1655,938,26,0 to 119,47,12639,9428,171,22083,155,0,2311,11660,188,9008,392,9985,11941,4,308,21771,9791,168,25,1,5463,4492,4,9959,176,432,1371,1628,1578,1567,1376,974,544,338,1,0 to 104,43,4475,2208,1350,1926,2248,5343,2368,1072,5,854,5,1,352,9985,4504,5477,9959,26,0,68216,128,78387,68344,9985,352,10528,10513,{399B37A3-AA4A-40D4-AA83-5A2BA14BD0C4},55,702,757,0.072655218,43,2.40436561,0.13681239
8,8,51,101,PASCO,Pasco,FL,29517,612,1909,3814,3849,4069,4498,4314,3483,2085,869,15,0 to 119,46,16362,13056,99,29321,196,0,2396,16495,223,12525,667,12968,16333,4,212,29105,12468,371,127,2,6712,6105,22,12839,201,612,2049,2044,1978,2029,1691,1264,770,328,2,0 to 105,42,9309,854,1805,871,2906,8798,1135,1504,13,1134,8,2,263,12968,6159,6787,12839,129,0,107817,72,120928,107889,12968,263,16413,15866,{83116673-3FAD-423E-B67E-DFE7515F5E81},188,1956,2144,0.087686567,42,2.211523842,0.181730911
9,9,20,39,GADSDEN,Gadsden,FL,6039,160,383,698,956,1046,1007,857,589,233,107,3,0 to 119,42,3490,2539,10,6015,23,1,692,3201,46,2406,58,3156,2875,2,6,6008,3059,87,10,0,1542,1600,4,3146,79,203,431,515,592,554,417,225,104,35,1,0 to 98,40,958,1327,597,264,599,2153,394,458,1,248,0,0,56,3156,1602,1550,3145,10,1,16093,16,19312,16109,3156,56,1685,1490,{77657EA6-12D6-4645-9915-E7357C9F40D6},7,169,176,0.039772727,40,2.033391917,0.128633606
10,10,37,73,LEON,Leon,FL,27699,598,942,8412,4177,3408,3237,3203,2263,916,495,48,0 to 119,34,14927,12656,116,27088,610,1,3079,17277,201,9419,348,13799,13864,5,31,27054,13291,100,402,6,7353,6006,32,13391,227,466,6289,2049,1477,1216,1062,555,264,182,12,0 to 106,24,5542,3492,1763,2594,1208,7953,4230,779,28,320,15,12,127,13799,6172,7588,13390,408,1,98951,211,113102,99162,13799,127,6747,6339,{FF3D6D6C-1645-4C7E-BC93-049A674C4499},116,2132,2248,0.051601423,24,2.428616327,0.170704044
11,11,33,65,JEFFERSON,Jefferson,FL,1430,36,75,132,176,191,218,263,201,101,36,1,0 to 101,50,669,759,2,1414,16,0,50,863,41,725,29,725,702,1,2,1412,608,104,13,0,264,448,0,712,8,30,69,115,98,130,136,77,39,23,0,0 to 99,48,298,355,43,16,34,629,49,69,2,41,0,0,11,725,455,270,712,13,0,3904,1,4643,3905,725,11,565,527,{862C7BAB-C64B-458C-A6FA-56543968D206},1,42,43,0.023255814,48,2.204930935,0.148496656
12,12,40,79,MADISON,Madison,FL,2446,122,245,282,302,315,352,318,276,148,78,8,0 to 101,43,1416,1026,4,2411,35,0,137,1136,53,1465,80,1193,1251,1,1,2409,806,370,15,2,656,520,0,1176,43,92,140,161,172,199,162,118,58,48,0,0 to 101,44,394,685,60,37,59,1018,99,187,1,60,2,2,25,1193,524,669,1176,17,0,5603,18,6825,5621,1193,25,1534,1437,{89851E42-542B-499A-AC7E-D8F5369F3D0B},6,88,94,0.063829787,44,2.169691637,0.17402633
13,13,39,77,LIBERTY,Liberty,FL,2611,23,66,259,706,605,446,322,119,46,10,9,0 to 105,38,422,2185,4,2610,1,0,35,1926,1,357,12,558,2050,0,3,2607,512,45,1,0,159,398,0,557,6,18,96,103,98,102,86,28,18,3,0,0 to 88,40,377,126,29,25,30,409,118,41,0,15,0,0,14,558,398,160,557,1,0,3418,0,3976,3418,558,14,643,619,{59B90335-EF4E-4E77-88C2-FC6BCC9D4032},1,42,43,0.023255814,40,3.020973915,0.204641327
14,14,24,47,HAMILTON,Hamilton,FL,2677,53,94,249,633,515,424,326,231,95,54,3,0 to 118,40,760,1901,16,2665,12,0,80,1924,9,971,26,950,1726,0,1,2665,778,164,4,4,334,607,1,942,29,60,114,185,160,155,130,76,28,13,0,0 to 91,41,430,434,63,15,119,687,136,112,1,41,0,0,11,950,611,338,942,8,0,5103,3,6058,5106,950,11,287,285,{D384B6BB-17B0-4808-9D73-78CB54C43AAB},10,143,153,0.065359477,41,2.301523665,0.126367836
15,15,3,5,BAY,Bay,FL,11411,140,359,1445,1810,1751,1927,1838,1196,613,281,51,0 to 119,46,5965,5381,65,11124,287,0,1476,5016,28,7336,332,7855,3522,1,33,11092,7404,186,260,5,3852,3707,31,7590,77,223,1153,1412,1282,1322,1167,738,357,124,0,0 to 99,43,4616,725,935,1314,577,5282,1731,831,29,408,15,6,145,7855,3845,3979,7590,265,0,39004,30,46962,39034,7855,145,2181,2174,{A66F3B06-8EE0-4DEC-843E-F41D712AAD2F},92,742,834,0.110311751,42,5.42268521,0.181027421
16,16,12,23,COLUMBIA,Columbia,FL,7759,175,366,786,1124,1173,1155,1276,947,484,264,9,0 to 119,47,3519,4189,51,7729,30,0,1045,3074,63,4624,60,4538,3214,0,7,7722,4087,434,14,3,1662,2858,1,4521,73,183,534,768,796,747,666,448,230,92,1,0 to 102,43,2800,1304,204,213,269,3965,287,152,1,276,3,0,87,4538,2869,1668,4521,17,0,16319,13,20928,16332,4538,87,1405,1404,{6958D394-62B5-4F73-A62A-0FA2389D4FB3},10,150,160,0.0625,43,2.633678621,0.193837654
17,17,2,3,BAKER,Baker,FL,3204,71,157,439,566,559,514,440,264,140,52,2,0 to 103,41,1454,1735,15,3140,64,0,372,1640,16,1378,35,1932,1237,0,35,3105,1557,367,4,4,697,1227,0,1924,11,59,240,385,394,327,269,151,72,24,0,0 to 103,41,1047,259,68,550,21,1209,694,161,0,99,0,0,29,1932,1231,701,1924,8,0,7875,53,9887,7928,1932,29,2277,2276,{393E3BC9-079E-4AD6-9162-D77EE72FEB59},17,157,174,0.097701149,41,1.771245194,0.142602237
18,18,30,59,HOLMES,Holmes,FL,2054,34,131,241,280,282,334,302,264,128,57,1,0 to 119,47,1083,958,13,2025,29,0,90,940,5,850,141,1055,994,0,5,2020,896,139,16,4,501,534,0,1035,15,56,140,176,162,169,146,107,55,29,0,0 to 101,43,803,90,60,82,36,867,132,62,0,41,0,0,14,1055,539,516,1035,20,0,5091,9,6165,5100,1055,14,1424,1418,{BD5E2BC2-C55E-45E6-8687-0C7528780CD1},13,35,48,0.270833333,43,1.736445925,0.117992934
19,19,43,85,MARTIN,Martin,FL,12980,277,643,1539,1474,1560,1741,2036,1802,1304,585,19,0 to 101,50,6648,6004,328,12846,134,0,1133,7865,82,4697,160,5828,7095,2,55,12790,5745,27,56,0,2889,2861,22,5772,120,322,959,902,858,877,715,455,386,232,2,0 to 101,42,2790,291,1212,1479,1927,2548,1297,752,5,438,3,1,170,5828,2889,2917,5772,56,0,40984,76,46936,41060,5828,170,5543,5532,{14DC1D1D-CE53-4995-9CF2-039FE1559F59},49,434,483,0.101449275,41,2.978669942,0.153458428
20,20,29,57,HILLSBOROUGH,Hillsborough,FL,108393,2602,5518,15812,18189,15920,16089,14974,10437,5603,2700,549,0 to 119,42,59416,47975,1002,107686,707,0,8313,79427,458,25905,936,53901,53613,19,860,106807,52616,931,347,6,28253,24853,441,53547,1065,2567,10134,10746,8355,7989,6087,3454,1969,1097,437,0 to 110,37,21243,6803,7745,17756,13973,20014,19560,4097,35,2188,21,5,877,53900,25002,28450,53547,353,0,349552,361,404380,349913,53900,877,26454,26109,{12BE5E4E-9D96-4B8E-8617-77C84F3BC487},450,5784,6234,0.072184793,37,3.45236135,0.251838053
21,21,41,81,MANATEE,Manatee,FL,30025,602,1400,3254,3844,3792,4134,4779,4444,2651,1009,116,0 to 119,50,16500,13179,346,29596,429,0,4873,19092,177,11847,323,15147,14843,3,32,29561,14869,90,187,1,7867,6933,159,14959,319,963,2384,2549,2337,2220,1960,1294,755,354,12,0 to 101,40,8281,1391,2375,2912,4137,7697,3125,924,13,942,11,3,362,15147,7029,7956,14959,188,0,117287,270,132796,117557,15147,362,2542,2442,{0AD77407-CEAA-4C6B-9E84-485E7D0FA9CC},104,1506,1610,0.064596273,40,3.591796952,0.17764804
22,22,10,19,CLAY,Clay,FL,16390,265,875,2065,2037,2481,2692,2519,1911,1084,434,27,0 to 102,46,8896,7201,293,16353,37,0,1903,9035,130,4841,260,7082,9274,1,33,16319,6749,312,20,0,3658,3317,86,7061,76,300,1077,1020,1200,1224,1014,628,371,170,1,0 to 102,43,4270,975,554,1262,642,5034,1385,1102,4,452,4,0,139,7081,3328,3667,7061,20,0,54342,17,61473,54359,7081,139,6275,6241,{D8B9952E-371D-460F-96AE-4666BDB4AD84},79,541,620,0.127419355,43,1.775749954,0.155892404
23,23,25,49,HARDEE,Hardee,FL,3163,125,415,563,529,412,441,326,214,101,37,0,0 to 95,33,1614,1526,23,3154,9,0,111,901,2,2298,37,1708,1449,1,5,3148,1173,528,6,1,829,867,5,1701,44,153,338,314,258,274,175,96,45,11,0,0 to 93,35,1215,133,237,116,998,575,128,215,3,148,4,1,18,1708,872,831,1701,7,0,7543,2,9262,7545,1708,18,2873,2773,{30DCFC30-6A6D-4712-9819-F2940D3F56ED},7,61,68,0.102941176,35,1.600756879,0.150973022
24,24,42,83,MARION,Marion,FL,31247,446,1347,3134,4208,4209,4500,4769,4540,2894,1182,18,0 to 168,50,18664,12537,46,31192,55,0,5858,12670,177,14810,381,11952,19242,1,52,31140,11481,438,32,1,6977,4931,11,11919,147,471,1489,2066,2026,1869,1613,1184,712,371,4,0 to 106,43,7917,2103,1026,873,1597,9086,1236,1743,9,1133,2,0,371,11952,4943,6997,11919,33,0,78845,21,90932,78866,11952,371,6619,6457,{76CC1B01-DF08-469D-A322-71F8D05597D9},82,922,1004,0.081673307,43,3.402728798,0.399426439
25,25,64,127,VOLUSIA,Volusia,FL,35556,438,1121,3675,4392,4231,5152,6459,5555,3006,1440,87,0 to 119,52,19511,15477,568,35355,201,0,2766,24488,230,11064,558,14563,20889,0,104,35251,13405,1041,110,7,7497,6796,153,14446,176,581,2380,2329,1948,2127,2112,1549,870,484,7,0 to 103,44,7323,1746,2765,2612,2333,8829,3284,1789,24,1039,11,1,350,14563,6853,7553,14446,117,0,103029,86,117811,103115,14563,350,8187,7568,{3B926974-437E-4986-9BFF-D87D276166F4},111,1468,1579,0.070297657,44,5.331197029,0.28958888
26,26,15,29,DIXIE,Dixie,FL,1842,37,110,187,236,347,248,271,231,123,51,1,0 to 118,45,887,951,4,1839,3,0,113,713,6,1083,17,937,905,0,0,1839,833,101,1,2,361,573,0,934,7,42,98,141,191,142,136,112,53,15,0,0 to 91,44,690,189,32,23,55,842,37,100,0,64,0,0,11,937,574,363,934,3,0,5031,0,5980,5031,937,11,970,915,{2691DAEB-CC0B-4ABC-A209-FE46CE33086C},0,24,24,0,44,2.286003523,0.169869357
27,27,35,69,LAKE,Lake,FL,25478,492,1006,2400,3003,3022,3464,3948,4025,2714,993,411,0 to 103,52,13595,11103,780,25283,195,0,2095,18547,222,6393,239,9815,15468,3,192,25090,9588,151,74,2,5105,4505,129,9739,175,449,1400,1536,1408,1458,1336,1073,668,307,5,0 to 103,44,4305,1110,1820,2504,1633,5313,2793,1223,18,783,13,3,243,9815,4545,5138,9739,76,0,93197,121,103232,93318,9815,243,5488,5199,{9712F6A1-E709-4877-97E2-3FE2EADA2B79},89,1167,1256,0.070859873,44,3.137217766,0.276793967
28,28,38,75,LEVY,Levy,FL,3382,93,268,462,419,373,456,546,408,260,94,3,0 to 118,46,1889,1483,10,3374,8,0,313,1583,16,1769,47,1284,2097,0,1,3373,1132,145,4,3,662,614,1,1277,27,89,229,184,161,201,180,129,68,15,1,0 to 99,42,792,196,190,99,235,918,124,132,0,94,0,0,12,1284,619,664,1277,7,0,9280,1,10573,9281,1284,12,2294,2244,{E8B9FC01-E14C-4049-BABC-F4AA93256EA0},14,135,149,0.093959732,41,3.285612677,0.269417839
29,29,60,119,SUMTER,Sumter,FL,7159,53,158,332,544,630,690,966,2138,1368,222,58,0 to 119,66,3459,3573,127,7070,89,0,510,4320,164,2820,241,3212,3916,0,31,7039,2920,273,15,4,1365,1811,17,3193,12,86,218,355,439,417,448,688,430,100,19,0 to 99,56,1685,505,162,841,155,1904,1134,469,2,308,0,0,91,3212,1818,1377,3193,19,0,27181,69,30487,27250,3212,91,1574,1562,{A985CCBC-BA3E-4854-ACDF-8E9CD885E5AA},26,789,815,0.03190184,55,2.170222364,0.138739001
30,30,59,117,SEMINOLE,Seminole,FL,29063,539,1346,3970,4322,4112,4420,4261,3279,1641,966,207,0 to 119,45,16138,12676,249,28968,95,0,2416,20167,246,7309,284,11786,17040,1,236,28734,11619,106,60,1,6203,5428,94,11725,186,512,2388,2217,1722,1704,1347,805,465,437,3,0 to 108,38,7549,1412,1589,1175,3011,7582,1132,1267,10,787,4,1,259,11786,5455,6234,11725,61,0,91950,35,103844,91985,11786,259,8937,8697,{5A9B725E-B5BC-4433-A9C5-F30390148C62},124,1629,1753,0.070735881,38,1.544658545,0.082501718
31,31,48,95,ORANGE,Orange,FL,110755,2189,3821,15446,20222,18177,17390,15562,10106,4876,2024,942,0 to 120,42,59068,50617,1070,109446,1308,1,8112,79776,585,22306,1050,52862,57542,4,347,109097,52187,229,440,6,26717,25040,659,52416,882,2139,10693,11765,9104,7584,5576,2837,1490,743,49,0 to 110,35,19268,8076,11014,14058,15390,18691,18335,3167,61,1720,47,6,613,52862,25265,26921,52415,446,1,392723,862,446774,393585,52862,613,9559,9329,{E33D02E5-646C-40C2-B9D7-442237FBB181},554,6576,7130,0.07769986,35,2.695415342,0.23982321
32,32,9,17,CITRUS,Citrus,FL,9740,150,427,918,1037,957,1233,1640,1684,1198,492,4,0 to 222,56,5575,4057,108,9710,30,0,751,4405,119,4979,107,4086,5595,1,58,9653,2798,1267,10,11,2227,1831,7,4065,40,139,471,461,429,568,679,615,464,219,1,0 to 100,53,3290,216,274,285,212,3447,406,336,1,382,2,1,150,4086,1844,2235,4065,21,0,29579,7,33685,29586,4086,150,5959,5523,{3C97198A-A027-4923-A8F8-CE1FAFD29127},64,695,759,0.084321476,53,2.360781291,0.144732058
33,33,27,53,HERNANDO,Hernando,FL,9537,157,455,1056,1191,1127,1347,1530,1201,878,594,1,0 to 106,51,5542,3982,13,9492,45,0,756,4675,66,5021,74,4366,5167,0,4,9488,3552,783,27,4,2376,1956,3,4335,41,164,534,588,541,659,667,539,386,247,0,0 to 101,50,3335,348,577,75,761,3428,146,651,5,512,4,1,187,4366,1965,2397,4335,31,0,35074,14,39480,35088,4366,187,5970,5919,{6EB18EB2-9734-45D8-9BA1-42EEE8F524AF},53,726,779,0.068035944,49,1.974683493,0.116176883
34,34,52,103,PINELLAS,Pinellas,FL,65096,732,1573,6136,9558,8119,9557,11463,9327,5455,3103,73,0 to 120,51,36559,28448,89,64519,577,0,7576,43730,411,27484,985,29737,35296,1,62,64456,28680,738,308,11,15779,13609,30,29418,393,1114,4152,5627,4058,4357,4401,2823,1646,1163,3,0 to 105,43,19062,4649,2724,2983,3386,20557,5475,3829,45,2712,30,4,862,29737,13760,15945,29418,319,0,250017,274,280213,250291,29737,862,2034,1944,{9A6AE3E8-4AEA-4D85-A26A-0191E0A5371A},239,3608,3847,0.062126332,43,3.375272337,0.06958273
35,35,61,121,SUWANNEE,Suwannee,FL,5248,138,311,659,719,766,738,776,556,340,234,11,0 to 118,45,2593,2608,47,5230,18,0,157,1800,110,3008,59,3150,2093,0,5,5225,2894,238,15,3,1272,1853,7,3132,61,165,438,479,532,491,450,277,160,96,1,0 to 102,43,1932,619,440,141,538,2381,213,363,2,170,0,0,83,3150,1859,1284,3132,18,0,10112,0,13311,10112,3150,83,1613,1609,{50957D1D-0570-4E74-922C-4AB5F585C01C},8,100,108,0.074074074,42,2.13933972,0.167912477
36,36,16,31,DUVAL,Duval,FL,88166,1705,3739,11155,15808,13106,13118,13336,9179,4573,2280,167,0 to 119,43,47749,39103,1314,87111,1055,0,5770,66797,454,15867,485,39305,48551,12,298,86805,36303,2477,497,28,20554,17783,443,38780,645,1857,6407,8360,6185,5748,4870,2974,1462,770,27,0 to 103,38,12453,11761,4495,10071,3366,23637,11777,2489,45,1337,25,25,563,39305,18050,20793,38780,525,0,304111,546,344221,304657,39305,563,13448,13336,{E178A8CF-16FC-449E-ABF2-A69CFAD303D5},253,3464,3717,0.068065644,38,3.274114558,0.200425276
37,37,34,67,LAFAYETTE,Lafayette,FL,1631,13,25,167,430,378,213,165,113,73,53,1,0 to 119,39,426,1200,5,1631,0,0,19,913,0,1274,5,1294,334,0,3,1628,1243,51,0,0,212,1082,0,1294,7,16,113,395,333,179,125,74,32,20,0,1 to 98,37,886,348,41,19,156,1058,80,55,0,31,0,0,19,1294,1082,212,1294,0,0,1636,0,2943,1636,1294,19,423,423,{FFDA6C44-8232-4BA9-A8D7-1995D8FD20D3},2,21,23,0.086956522,37,1.870546303,0.132542672
38,38,23,45,GULF,Gulf,FL,1923,49,144,199,255,219,311,342,250,111,43,0,0 to 96,48,927,992,4,1858,65,0,128,598,1,970,42,1024,893,0,6,1852,988,24,12,0,420,592,0,1012,20,57,95,156,138,178,190,124,44,22,0,0 to 96,47,687,286,19,20,43,918,51,137,3,58,2,0,18,1024,600,424,1012,12,0,5501,55,6586,5556,1024,18,972,968,{35DF54B7-4874-405B-8EF3-9E45948BA616},5,45,50,0.1,47,2.48127036,0.137366648
39,39,63,125,UNION,Union,FL,2447,36,133,242,252,327,337,597,388,110,25,0,0 to 118,52,764,1678,5,2447,0,0,295,1105,4,1342,4,1199,1248,0,0,2447,932,267,0,0,333,866,0,1199,15,45,135,164,210,184,244,146,45,11,0,0 to 93,46,822,320,37,20,39,1145,15,68,0,64,0,0,53,1199,866,333,1199,0,0,9120,0,10336,9120,1199,53,1242,1241,{254BD11B-C8FE-4E18-B61D-A60A5658D980},2,41,43,0.046511628,46,1.264483619,0.060515242
40,40,4,7,BRADFORD,Bradford,FL,3013,71,163,365,402,378,439,536,330,206,117,6,0 to 118,47,1686,1315,12,3009,4,0,373,1332,34,1472,4,1336,1674,0,3,3006,962,372,1,1,663,671,0,1334,21,62,168,201,182,212,244,135,75,36,0,0 to 107,46,917,301,59,57,34,1241,59,155,0,82,0,0,16,1336,673,663,1334,2,0,6681,2,8039,6683,1336,16,1931,1900,{588F1D06-056B-4AF5-A2E7-A5366C833BA5},13,73,86,0.151162791,46,1.602310936,0.072586282
41,41,65,129,WAKULLA,Wakulla,FL,3459,80,332,501,459,490,556,489,337,161,52,2,0 to 102,42,1741,1712,6,3448,11,0,303,1334,13,2061,91,1502,1954,1,2,3445,1410,83,8,1,643,850,0,1493,18,81,244,256,251,275,206,110,46,15,0,0 to 102,41,1052,243,106,92,66,1287,140,147,0,68,1,0,12,1502,852,650,1493,9,0,11014,2,12560,11016,1502,12,2279,2205,{72742CEE-2B13-49F0-BE2B-615F9835DD19},9,154,163,0.055214724,41,2.728897642,0.147928217
42,42,5,9,BREVARD,Brevard,FL,32925,425,1029,3322,3934,3903,4580,6442,5242,2929,1068,51,0 to 119,53,18144,14580,201,32828,97,0,2901,24548,107,11684,501,13948,18969,0,8,32820,13561,296,86,5,7291,6442,124,13857,166,604,2265,2165,1886,1942,2112,1368,882,553,5,0 to 105,44,7388,1460,1105,3904,1477,8011,4369,1872,16,1135,5,1,416,13948,6485,7338,13857,91,0,119412,14,133459,119426,13948,416,3272,3214,{943DB4A8-472C-444E-B81A-0E7CF9758CA2},150,1618,1768,0.084841629,44,7.433882583,0.247147787
43,43,53,105,POLK,Polk,FL,44622,1123,2424,5443,6847,6613,6485,6207,5008,3035,1327,110,0 to 119,44,24579,19760,283,44402,220,0,7575,25289,231,19301,628,25696,18842,1,83,44318,22961,2589,129,17,13658,11732,160,25550,532,1482,3880,4484,4187,3803,3201,2135,1308,670,14,0 to 103,40,15284,4347,2118,3801,7475,13400,4675,3809,27,2731,23,2,657,25696,11796,13740,25550,146,0,151093,78,176998,151171,25696,657,11563,10997,{233F5CAC-222A-4EE3-81FE-76BB2A2139F5},163,1843,2006,0.081256231,40,3.747319078,0.477444148
44,44,49,97,OSCEOLA,Osceola,FL,30613,564,1965,3858,4973,5062,5057,4165,2832,1421,542,174,0 to 155,42,16520,13920,173,30417,196,0,4652,16383,390,11979,443,16491,13910,2,210,30206,16027,309,144,11,8561,7691,84,16336,291,993,2540,3079,2955,2795,1857,1114,598,259,10,0 to 105,39,6503,1013,5095,3725,8971,3731,3634,1657,17,912,11,2,229,16491,7781,8622,16336,155,0,94943,41,111621,94984,16491,229,9612,9108,{98FBCDAD-181A-4269-A498-787173F6E740},220,2022,2242,0.098126673,39,3.375268582,0.357928282
45,45,28,55,HIGHLANDS,Highlands,FL,7555,173,368,668,885,772,901,1132,1168,977,501,10,0 to 119,55,4294,3209,52,7470,85,0,635,4332,47,3076,129,3325,4208,0,22,7449,3022,281,22,0,1783,1507,13,3303,44,145,389,450,388,441,516,438,358,156,0,0 to 99,51,2044,399,452,408,794,2002,507,606,7,344,4,0,133,3325,1520,1791,3303,22,0,23090,62,26487,23152,3325,133,3583,3469,{0861B99E-575F-41B4-992B-839B0B3F4F63},40,378,418,0.09569378,49,2.84124661,0.261466144
46,46,36,71,LEE,Lee,FL,52607,796,1887,6318,7338,7007,7525,7970,7243,4458,1988,77,0 to 119,49,29038,23198,371,51228,1378,1,2907,38580,613,16745,460,26989,25553,2,63,51164,25258,1219,500,12,13885,12342,250,26477,446,1038,4377,4582,3986,4045,3632,2615,1480,770,18,0 to 103,42,13352,2377,1634,9114,5727,11349,9401,2946,37,1686,31,11,549,26989,12616,14112,26476,512,1,157118,912,185153,158030,26989,549,11480,9886,{D113537A-BA7A-4D3B-936C-EA742824206C},277,2708,2985,0.09279732,42,5.538754124,0.191375285
47,47,11,21,COLLIER,Collier,FL,31264,752,1504,3856,4074,4145,4480,4559,4045,2822,1013,14,0 to 105,48,16459,14717,88,30705,559,0,3010,18667,356,13012,590,16308,14872,3,81,30622,15541,485,264,18,8118,7849,59,16026,370,797,2597,2561,2511,2590,2223,1388,865,402,4,0 to 104,42,8678,894,1708,4746,5726,5753,4547,1721,32,1069,17,7,268,16308,8001,8247,16026,282,0,85640,279,102354,85919,16308,268,10081,9089,{B407DCD0-FA26-4BA4-BFDB-B31C63C940BA},181,1010,1191,0.151973132,41,5.510854341,0.469024646
48,48,13,25,DADE,Dade,FL,348848,5666,12746,40438,60254,56314,61425,52263,31972,17596,9339,835,0 to 225,44,180797,166080,1971,345943,2904,1,21576,261914,2785,57871,1803,207222,140979,84,563,345297,203323,1997,1880,21,104604,99715,1001,205320,3536,8886,29174,38745,34209,36047,27919,15416,8502,4488,299,0 to 108,41,93332,17216,29340,65432,108033,32034,65253,16558,116,8397,52,22,3731,207221,100717,105428,205319,1901,1,973613,1023,1183831,974636,207221,3731,43408,42677,{AEA3AE00-E34E-48C0-8B01-466A26B4B1E0},1661,16373,18034,0.092103804,42,5.083999885,0.459639407
49,49,44,87,MONROE,Monroe,FL,7863,191,317,775,1238,1190,1330,1345,936,405,134,2,0 to 101,46,4019,3810,34,7720,143,0,1779,2964,83,3253,251,2892,4901,0,70,7652,2775,44,68,5,1369,1445,5,2819,61,105,351,587,518,506,369,253,107,35,0,0 to 100,41,2099,194,103,423,935,1403,481,377,9,161,5,0,25,2892,1488,1399,2819,73,0,21129,67,24101,21196,2892,25,4507,4233,{629DEEAE-BCFA-4AD2-8DE1-1D764EDD7AC6},36,271,307,0.117263844,41,13.26280408,0.235931609
50,50,57,113,SANTA ROSA,Santa Rosa,FL,14616,400,861,1845,2068,2182,2299,2199,1599,813,337,13,0 to 119,44,7508,7071,37,14474,142,0,1055,7594,99,5637,393,6740,7807,0,69,14406,6549,106,85,0,3082,3565,8,6655,103,329,1130,1090,1082,1118,950,529,283,124,2,0 to 105,41,4724,635,402,894,287,5339,1029,369,1,406,3,2,96,6740,3596,3136,6655,85,0,37750,58,44587,37808,6740,96,6000,5460,{EDF59BBC-47AF-4B2F-BD97-6DAB59DD7B4C},67,433,500,0.134,41,3.552029248,0.244558859
51,51,66,131,WALTON,Walton,FL,5365,102,231,728,782,848,843,858,542,271,154,6,0 to 101,44,2662,2651,52,4952,413,0,468,3571,15,3322,433,3333,2029,0,3,4949,2896,117,314,6,1367,1629,17,3013,36,131,557,552,588,544,500,272,125,26,2,0 to 101,41,1970,258,135,650,382,1983,648,424,31,139,6,4,34,3333,1774,1540,3013,320,0,15538,96,19005,15634,3333,34,1529,1474,{31CA379B-FB64-4C77-9456-056BCF505A65},29,147,176,0.164772727,41,3.601388778,0.254870622
52,52,32,63,JACKSON,Jackson,FL,6576,120,279,715,1126,1119,1092,928,594,380,221,2,0 to 105,44,2803,3702,71,6511,65,0,163,3518,19,3345,51,3603,2936,0,37,6474,3369,182,48,4,1370,2172,9,3551,41,133,423,657,643,599,482,303,203,119,0,0 to 100,43,1736,685,176,954,122,2019,1410,263,5,209,3,0,89,3603,2196,1397,3551,52,0,16181,13,19810,16194,3603,89,2720,2528,{BAF89079-8026-4E6B-B424-2DD9BC8AF99D},39,307,346,0.112716763,43,2.216465106,0.231093281
53,53,67,133,WASHINGTON,Washington,FL,2469,51,130,250,377,373,404,408,234,171,71,0,0 to 119,46,1204,1245,20,2452,17,0,100,1229,9,1576,20,1417,1035,0,17,2435,1285,118,12,2,567,833,3,1403,16,63,156,269,243,238,206,112,89,25,0,0 to 99,43,868,294,63,178,42,939,422,88,3,84,2,0,24,1417,839,575,1403,14,0,6364,4,7808,6368,1417,24,1434,1377,{ED919630-6DB9-4E1B-B6B4-EAFA4D161468},7,64,71,0.098591549,43,2.379530618,0.149981584
54,54,45,89,NASSAU,Nassau,FL,6721,123,326,842,813,846,1005,1090,914,533,226,3,0 to 103,49,3665,2986,70,6397,324,0,522,3509,28,2027,368,2819,3847,0,55,6343,2475,120,220,4,1336,1258,1,2595,34,120,454,397,397,476,410,284,164,83,0,0 to 103,45,2094,239,115,147,107,2293,195,317,12,170,3,1,53,2819,1345,1473,2595,224,0,23431,100,26366,23531,2819,53,3466,3461,{4D22D524-13F7-4497-919B-BC6894006209},31,281,312,0.099358974,45,3.759421308,0.154419686
55,55,22,43,GLADES,Glades,FL,891,15,64,106,184,185,128,93,60,48,7,1,0 to 90,38,347,543,1,891,0,0,88,408,3,609,9,643,247,0,1,890,635,8,0,0,204,439,0,643,9,27,71,157,150,99,71,31,24,4,0,0 to 89,38,463,116,34,30,240,370,33,74,0,54,0,0,8,643,439,204,643,0,0,1152,0,1796,1152,643,8,652,592,{DB14356A-7E77-445A-A524-193DAC2519E8},2,16,18,0.111111111,38,2.276843366,0.23195701
56,56,8,15,CHARLOTTE,Charlotte,FL,9482,94,189,680,882,941,1305,1810,1737,1136,702,6,0 to 119,58,5390,4046,46,9435,47,0,1617,5511,62,4031,124,4425,5042,1,14,9420,4023,371,30,1,2367,2019,8,4394,32,117,444,466,442,595,826,735,476,292,0,0 to 101,56,3293,272,362,467,323,3414,657,532,3,484,2,0,176,4425,2032,2385,4394,31,0,41553,17,46036,41570,4425,176,750,731,{2C59A1CC-D054-4DF6-BEF0-43EEC4A23784},42,755,797,0.052697616,56,3.832180593,0.165856244
57,57,58,115,SARASOTA,Sarasota,FL,25768,297,910,2766,2885,2762,3426,4204,4182,2837,1462,37,0 to 119,54,14207,11384,177,25385,383,0,2383,17486,190,8664,269,11620,14118,0,30,25356,11316,141,156,7,6090,5291,76,11457,110,451,1689,1678,1498,1694,1636,1340,919,601,4,0 to 104,47,6795,761,1163,2738,1538,6734,3185,886,27,856,24,3,364,11620,5376,6168,11457,163,0,109868,221,121780,110089,11620,364,6434,6329,{63CF7F11-0E2E-4C45-8079-812F07405F88},90,1513,1603,0.056144729,46,2.514423953,0.137455101
58,58,14,27,DESOTO,Desoto,FL,4226,109,335,484,635,629,672,667,394,212,85,4,0 to 102,43,1782,2340,104,4211,15,0,363,2277,48,1834,47,1882,2334,1,9,4201,1736,141,4,1,769,1100,8,1877,45,150,260,344,330,284,248,132,64,25,0,0 to 97,39,1133,198,142,404,787,632,458,281,1,150,1,1,33,1882,1103,771,1877,5,0,10678,10,12576,10688,1882,33,2093,1958,{0D73423D-03C5-4BA5-9BFD-C106F87EB222},30,114,144,0.208333333,38,1.624129051,0.150723124
59,59,18,35,FLAGLER,Flagler,FL,6893,121,276,617,736,838,979,1231,1129,690,271,5,0 to 119,53,3928,2918,47,6843,50,0,645,4077,37,2326,114,2466,4416,0,11,6832,2205,242,18,1,1322,1118,7,2447,33,142,323,312,313,373,397,323,197,52,1,0 to 96,48,1480,338,417,212,324,1861,262,275,8,181,4,2,41,2466,1127,1332,2447,19,0,23423,31,25942,23454,2466,41,3385,3350,{0E4D3C2D-FB56-4A06-8B04-3AD9BFF072BC},34,244,278,0.122302158,48,2.094590777,0.120416346
60,60,26,51,HENDRY,Hendry,FL,4656,175,372,697,791,736,649,571,333,196,129,7,0 to 104,38,2298,2352,6,4645,11,0,538,1869,32,2204,59,2391,2262,1,2,4642,2315,67,9,0,1123,1259,0,2382,67,181,377,453,427,345,265,153,81,42,0,0 to 100,37,1865,275,114,128,1530,751,101,385,0,219,0,0,45,2391,1264,1127,2382,9,0,9449,2,11862,9451,2391,45,3880,3455,{71664F0E-3199-410F-AD8C-5269FFA55669},17,89,106,0.160377358,37,2.751957998,0.279063453
61,61,31,61,INDIAN RIVER,Indian River,FL,11475,240,647,1336,1226,1194,1440,1708,1703,1139,838,4,0 to 119,52,6649,4788,38,11377,98,0,848,6152,77,5554,224,4580,6838,0,57,11322,4494,46,38,2,2447,2076,17,4540,78,232,745,651,566,627,623,519,323,216,0,0 to 105,45,2772,489,394,885,881,2631,1028,709,9,393,4,0,127,4580,2102,2461,4540,40,0,43339,65,48009,43404,4580,127,4975,4505,{193731CA-A50A-4707-8EB3-D6585D669C9C},57,654,711,0.080168776,45,2.237724047,0.120741479
62,62,6,11,BROWARD,Broward,FL,208711,5628,12787,23437,33460,32675,33897,31879,19410,9956,5338,244,0 to 119,43,111519,96192,1000,206554,2157,0,17774,114743,2336,98698,3185,97476,110979,35,221,206303,87879,8673,853,70,49958,46436,158,96552,2023,5675,14440,18911,16858,15685,12738,6397,3074,1638,36,0 to 107,39,44633,23248,14158,14513,37460,45146,13946,11557,124,6509,88,29,1608,97475,47006,50308,96552,923,0,638016,1245,737641,639261,97475,1608,61172,60805,{4AC0D3A0-87B8-4126-9CF4-96DC2D84D1C4},777,9081,9858,0.078819233,39,2.791976328,0.283663157
63,63,17,33,ESCAMBIA,Escambia,FL,31503,639,1020,3845,4933,4114,4245,5099,4021,2301,1198,88,0 to 119,48,17678,13678,147,27346,4157,0,2108,23333,183,8001,548,15436,16053,1,13,27333,13618,184,1634,0,7102,6590,110,13802,206,568,2606,2864,2277,2059,2076,1456,888,425,11,0 to 105,40,5890,2844,1708,3360,457,9441,3904,1523,27,990,20,22,290,15436,7303,8023,13802,1634,0,97265,2610,115372,99875,15436,290,1617,1538,{3780C858-9510-4A33-A345-0ACD39C89BB6},119,1153,1272,0.093553459,40,4.369183086,0.166409868
64,64,47,93,OKEECHOBEE,Okeechobee,FL,3712,117,269,582,499,510,477,520,321,249,160,8,0 to 119,42,1946,1751,15,3697,15,0,601,1446,2,1722,44,1905,1801,1,5,3691,1730,168,5,2,897,1000,1,1898,45,141,323,286,317,266,263,128,96,40,0,0 to 100,39,1350,229,207,112,724,1066,108,265,2,201,3,0,43,1905,1003,901,1898,7,0,11110,7,13037,11117,1905,43,2486,2405,{DD469486-5BA8-475C-9DDC-A21CC360CAEC},16,221,237,0.067510549,40,2.587611257,0.210545212
65,65,19,37,FRANKLIN,Franklin,FL,1665,45,149,195,245,226,214,269,195,107,20,0,0 to 95,43,756,908,1,1654,11,0,67,555,0,957,43,809,850,0,6,1648,721,80,5,3,260,541,0,801,12,44,93,177,143,124,126,53,33,4,0,0 to 87,40,525,233,22,21,68,656,77,27,0,10,0,0,4,809,543,266,801,8,0,4938,3,5762,4941,809,4,669,668,{9F12DFF3-9143-493B-867B-127F2B6BFF20},0,47,47,0,40,4.439351705,0.135013809
66,66,1,1,ALACHUA,Alachua,FL,26890,418,703,6966,4558,3331,3175,3340,2461,1175,696,67,0 to 119,37,15134,11627,129,26534,356,0,3644,18235,61,9607,348,11994,14837,4,55,26475,11586,296,100,12,6469,5396,17,11882,165,415,5324,1888,1124,1035,911,654,310,164,4,0 to 103,25,6335,2623,1249,1675,1572,8428,1882,1341,28,580,29,3,91,11994,5461,6515,11882,112,0,108669,250,120950,108919,11994,91,1820,1797,{9EDDB8FB-00DD-45F1-A09D-8E689049E28A},132,2536,2668,0.049475262,24,2.625332392,0.233996913
67,67,55,109,ST. JOHNS,St. Johns,FL,20978,399,1698,3342,2225,2900,3195,3067,2389,1197,547,19,0 to 119,44,11275,9570,133,20817,161,0,1756,10992,208,8000,594,7699,13240,7,32,20779,7122,436,135,6,3945,3606,7,7558,89,374,1640,1011,1172,1188,1086,649,331,159,0,0 to 101,41,5576,530,521,931,628,5827,1103,545,5,368,5,0,89,7699,3676,4012,7558,141,0,67454,569,75768,68023,7699,89,11863,11824,{8C0A9F2C-C490-4BBC-9E26-85B6F4AEFEB1},57,1081,1138,0.050087873,41,3.246336457,0.154879969
69,68,999,999,Unknown,Unknown,FL,3285,26,103,497,507,482,482,439,257,237,238,17,0 to 119,45,1805,1434,46,297,2988,0,22,3139,0,49,82,2160,1122,0,3,296,163,1,1986,10,85,76,3,164,25,99,433,387,338,326,287,149,74,28,14,0 to 82,32,28,27,51,58,37,70,57,0,8,0,6,6,0,2160,1095,1024,164,1996,0,20241,983,23428,21224,2160,0,908,906,{D1373507-E2BB-431D-A2F9-63F6067C627A},0,634,634,0,32,0,0
70,69,998,998,A State,State,FL,1832254,35530,81538,226776,282256,265057,280666,276749,203707,116424,57206,6345,0 to 225,45,982743,836582,12929,1807234,25012,8,161911,1192952,0,593324,22362,905252,921378,363,5261,1801660,857878,34474,12530,366,459216,428367,4769,892352,15146,41468,148340,164978,142670,140230,117451,71321,40509,22062,1073,0 to 110,40,438137,128884,121602,203729,266822,401087,224443,87437,1004,52637,646,218,17731,905248,434814,465439,892344,12896,8,5812647,12937,6738319,5825584,905248,17731,423095,410255,{E2D719EF-85BC-44E7-84ED-AF74AD1EC87D},7783,87923,95706,6.026679713,40,0,0
